filename,file_size,file_attributes,region_count,region_id,region_shape_attributes,region_attributes
images/Set1/IMG (4044).jpg,-1,"{}",1,0,"{""name"":""rect"",""x"":16,""y"":3,""width"":103,""height"":365}","{""Age"":""25-35"",""Weight"":""normal-healthy"",""Gender"":""male"",""Economy-Class"":""middle class"",""Education"":""Educated"",""CarryingBag"":""Daily/Office/Work Bag"",""Accessories"":{""Nothing"":true},""Footwear"":""Normal"",""Demeanour"":""Classy-Groomed"",""ClothingStyle"":""Average"",""ImageQuality"":""Average"",""Emotion"":""Neutral"",""ClothingStyle2"":""Sports"",""BodyPose"":""Front-Frontish""}"
images/Set1/11670_5 (2).jpg,-1,"{}",1,0,"{""name"":""rect"",""x"":15,""y"":10,""width"":154,""height"":383}","{""Age"":""25-35"",""Weight"":""normal-healthy"",""Gender"":""male"",""Economy-Class"":""upper class"",""Education"":""Educated"",""CarryingBag"":""Shopping "",""Accessories"":{""Watch"":true},""Footwear"":""Fancy"",""Demeanour"":""Classy-Groomed"",""ClothingStyle"":""Classy-Fashionable"",""ImageQuality"":""Bad"",""Emotion"":""Neutral"",""ClothingStyle2"":""Sports"",""BodyPose"":""Front-Frontish""}"
images/Set1/IMG (7359).jpg,-1,"{}",1,0,"{""name"":""rect"",""x"":12,""y"":3,""width"":376,""height"":485}","{""Age"":""35-45"",""Weight"":""slightly-overweight"",""Gender"":""male"",""Economy-Class"":""upper class"",""Education"":""Educated"",""CarryingBag"":""None"",""Accessories"":{""Nothing"":true},""Footwear"":""CantSee"",""Demeanour"":""Classy-Groomed"",""ClothingStyle"":""Classy-Fashionable"",""ImageQuality"":""Good"",""Emotion"":""Neutral"",""ClothingStyle2"":""Formal/Business"",""BodyPose"":""Back""}"
images/Set1/19470_2.jpg,-1,"{}",1,0,"{""name"":""rect"",""x"":14,""y"":8,""width"":159,""height"":500}","{""Age"":""45-55"",""Weight"":""underweight"",""Gender"":""male"",""Economy-Class"":""lower middle class"",""Education"":""Uneducation"",""CarryingBag"":""None"",""Accessories"":{""Nothing"":true},""Footwear"":""Normal"",""Demeanour"":""Average"",""ClothingStyle"":""Average"",""ImageQuality"":""Good"",""Emotion"":""Angry/Serious"",""ClothingStyle2"":""Daily"",""BodyPose"":""Front-Frontish""}"
images/Set1/IMG (2949).jpg,-1,"{}",1,0,"{""name"":""rect"",""x"":13,""y"":38,""width"":145,""height"":376}","{""Age"":""15-25"",""Weight"":""normal-healthy"",""Gender"":""male"",""Economy-Class"":""lower middle class"",""Education"":""Uneducation"",""CarryingBag"":""None"",""Accessories"":{""Nothing"":true},""Footwear"":""Normal"",""Demeanour"":""Average"",""ClothingStyle"":""Average"",""ImageQuality"":""Good"",""Emotion"":""Happy"",""ClothingStyle2"":""Daily"",""BodyPose"":""Front-Frontish""}"
images/Set1/1620_0 (10).jpg,-1,"{}",5,0,"{""name"":""rect"",""x"":58,""y"":15,""width"":17,""height"":201}","{""Age"":""55+"",""Weight"":""slightly-overweight"",""Gender"":""male"",""Economy-Class"":""upper class"",""Education"":""Educated"",""CarryingBag"":""Grocery/Home/Plastic Bag"",""Accessories"":{""Sunglasses"":true},""Footwear"":""Fancy"",""Demeanour"":""Average"",""ClothingStyle"":""Average"",""ImageQuality"":""Average"",""Emotion"":""Happy"",""ClothingStyle2"":""Sports"",""BodyPose"":""Front-Frontish""}"
images/Set1/1620_0 (10).jpg,-1,"{}",5,1,"{""name"":""rect"",""x"":84,""y"":62,""width"":70,""height"":219}","{""Age"":""55+"",""Weight"":""slightly-overweight"",""Gender"":""female"",""Economy-Class"":""upper class"",""Education"":""Educated"",""CarryingBag"":""Grocery/Home/Plastic Bag"",""Accessories"":{""Earings"":true,""Watch"":true},""Footwear"":""Normal"",""Demeanour"":""Classy-Groomed"",""ClothingStyle"":""Classy-Fashionable"",""ImageQuality"":""Good"",""Emotion"":""Neutral"",""ClothingStyle2"":""Formal/Business"",""BodyPose"":""Front-Frontish""}"
images/Set1/1620_0 (10).jpg,-1,"{}",5,2,"{""name"":""rect"",""x"":1,""y"":27,""width"":58,""height"":345}","{""Age"":""25-35"",""Weight"":""slightly-overweight"",""Gender"":""female"",""Economy-Class"":""middle class"",""Education"":""Educated"",""CarryingBag"":""Daily/Office/Work Bag"",""Accessories"":{""Earings"":true},""Footwear"":""CantSee"",""Demeanour"":""Average"",""ClothingStyle"":""Average"",""ImageQuality"":""Good"",""Emotion"":""Neutral"",""ClothingStyle2"":""Daily"",""BodyPose"":""Back""}"
images/Set1/1620_0 (10).jpg,-1,"{}",5,3,"{""name"":""rect"",""x"":265,""y"":27,""width"":60,""height"":390}","{""Age"":""Under 15"",""Weight"":""underweight"",""Gender"":""female"",""Economy-Class"":""middle class"",""Education"":""Educated"",""CarryingBag"":""None"",""Accessories"":{""Nothing"":true},""Footwear"":""Fancy"",""Demeanour"":""Average"",""ClothingStyle"":""Average"",""ImageQuality"":""Good"",""Emotion"":""Sad"",""ClothingStyle2"":""Sports"",""BodyPose"":""Side""}"
images/Set1/1620_0 (10).jpg,-1,"{}",5,4,"{""name"":""rect"",""x"":63,""y"":6,""width"":221,""height"":659}","{""Age"":""15-25"",""Weight"":""normal-healthy"",""Gender"":""male"",""Economy-Class"":""uber upper class"",""Education"":""Highly Educated"",""CarryingBag"":""Daily/Office/Work Bag"",""Accessories"":{""Nothing"":true},""Footwear"":""Fancy"",""Demeanour"":""Classy-Groomed"",""ClothingStyle"":""Classy-Fashionable"",""ImageQuality"":""Good"",""Emotion"":""Neutral"",""ClothingStyle2"":""Sports"",""BodyPose"":""Front-Frontish""}"
images/Set1/46620_4.jpg,-1,"{}",1,0,"{""name"":""rect"",""x"":19,""y"":19,""width"":289,""height"":1064}","{""Age"":""15-25"",""Weight"":""normal-healthy"",""Gender"":""male"",""Economy-Class"":""middle class"",""Education"":""Educated"",""CarryingBag"":""Daily/Office/Work Bag"",""Accessories"":{""Earings"":true},""Footwear"":""Fancy"",""Demeanour"":""Classy-Groomed"",""ClothingStyle"":""Classy-Fashionable"",""ImageQuality"":""Good"",""Emotion"":""Sad"",""ClothingStyle2"":""Daily"",""BodyPose"":""Front-Frontish""}"
images/Set1/10470_1 (4).jpg,-1,"{}",3,0,"{""name"":""rect"",""x"":7,""y"":0,""width"":134,""height"":471}","{""Age"":""55+"",""Weight"":""normal-healthy"",""Gender"":""male"",""Economy-Class"":""middle class"",""Education"":""Highly Educated"",""CarryingBag"":""Shopping "",""Accessories"":{""Cap"":true},""Footwear"":""CantSee"",""Demeanour"":""Average"",""ClothingStyle"":""Average"",""ImageQuality"":""Good"",""Emotion"":""Neutral"",""ClothingStyle2"":""Daily"",""BodyPose"":""Side""}"
images/Set1/10470_1 (4).jpg,-1,"{}",3,1,"{""name"":""rect"",""x"":419,""y"":30,""width"":102,""height"":396}","{""Age"":""45-55"",""Weight"":""underweight"",""Gender"":""male"",""Economy-Class"":""middle class"",""Education"":""Educated"",""CarryingBag"":""None"",""Accessories"":{""Nothing"":true},""Footwear"":""CantSee"",""Demeanour"":""Average"",""ClothingStyle"":""Average"",""ImageQuality"":""Good"",""Emotion"":""Sad"",""ClothingStyle2"":""Formal/Business"",""BodyPose"":""Front-Frontish""}"
images/Set1/10470_1 (4).jpg,-1,"{}",3,2,"{""name"":""rect"",""x"":55,""y"":14,""width"":494,""height"":1252}","{""Age"":""35-45"",""Weight"":""slightly-overweight"",""Gender"":""female"",""Economy-Class"":""uber upper class"",""Education"":""Highly Educated"",""CarryingBag"":""Daily/Office/Work Bag"",""Accessories"":{""OtherJewellery"":true},""Footwear"":""Normal"",""Demeanour"":""Classy-Groomed"",""ClothingStyle"":""Classy-Fashionable"",""ImageQuality"":""Good"",""Emotion"":""Neutral"",""ClothingStyle2"":""Daily"",""BodyPose"":""Back""}"
images/Set1/IMG (5144).jpg,-1,"{}",1,0,"{""name"":""rect"",""x"":9,""y"":8,""width"":223,""height"":649}","{""Age"":""25-35"",""Weight"":""normal-healthy"",""Gender"":""male"",""Economy-Class"":""middle class"",""Education"":""Educated"",""CarryingBag"":""Daily/Office/Work Bag"",""Accessories"":{""Nothing"":true},""Footwear"":""CantSee"",""Demeanour"":""Average"",""ClothingStyle"":""Average"",""ImageQuality"":""Good"",""Emotion"":""Neutral"",""ClothingStyle2"":""Formal/Business"",""BodyPose"":""Back""}"
images/Set1/IMG (3231).jpg,-1,"{}",1,0,"{""name"":""rect"",""x"":9,""y"":14,""width"":163,""height"":367}","{""Age"":""35-45"",""Weight"":""slightly-overweight"",""Gender"":""female"",""Economy-Class"":""uber upper class"",""Education"":""Educated"",""CarryingBag"":""Grocery/Home/Plastic Bag"",""Accessories"":{""Nothing"":true},""Footwear"":""Fancy"",""Demeanour"":""Classy-Groomed"",""ClothingStyle"":""Classy-Fashionable"",""ImageQuality"":""Average"",""Emotion"":""Neutral"",""ClothingStyle2"":""Formal/Business"",""BodyPose"":""Back""}"
images/Set1/IMG (5227).jpg,-1,"{}",2,0,"{""name"":""rect"",""x"":7,""y"":5,""width"":26,""height"":223}","{""Age"":""45-55"",""Weight"":""underweight"",""Gender"":""male"",""Economy-Class"":""lower middle class"",""Education"":""Educated"",""CarryingBag"":""None"",""Accessories"":{""Nothing"":true},""Footwear"":""Normal"",""Demeanour"":""Average"",""ClothingStyle"":""Average"",""ImageQuality"":""Good"",""Emotion"":""Sad"",""ClothingStyle2"":""Formal/Business"",""BodyPose"":""Side""}"
images/Set1/IMG (5227).jpg,-1,"{}",2,1,"{""name"":""rect"",""x"":14,""y"":14,""width"":84,""height"":280}","{""Age"":""45-55"",""Weight"":""slightly-overweight"",""Gender"":""male"",""Economy-Class"":""lower middle class"",""Education"":""Uneducation"",""CarryingBag"":""None"",""Accessories"":{""Nothing"":true},""Footwear"":""Normal"",""Demeanour"":""Unkept"",""ClothingStyle"":""Below Average"",""ImageQuality"":""Good"",""Emotion"":""Angry/Serious"",""ClothingStyle2"":""Daily"",""BodyPose"":""Front-Frontish""}"
images/Set1/9570_0.jpg,-1,"{}",1,0,"{""name"":""rect"",""x"":4,""y"":0,""width"":333,""height"":1068}","{""Age"":""25-35"",""Weight"":""normal-healthy"",""Gender"":""male"",""Economy-Class"":""middle class"",""Education"":""Educated"",""CarryingBag"":""None"",""Accessories"":{""Nothing"":true},""Footwear"":""Normal"",""Demeanour"":""Average"",""ClothingStyle"":""Average"",""ImageQuality"":""Good"",""Emotion"":""Angry/Serious"",""ClothingStyle2"":""Formal/Business"",""BodyPose"":""Front-Frontish""}"
images/Set1/28860_0 (3).jpg,-1,"{}",1,0,"{""name"":""rect"",""x"":2,""y"":2,""width"":170,""height"":386}","{""Age"":""25-35"",""Weight"":""slightly-overweight"",""Gender"":""female"",""Economy-Class"":""upper class"",""Education"":""Educated"",""CarryingBag"":""None"",""Accessories"":{""Nothing"":true},""Footwear"":""Normal"",""Demeanour"":""Classy-Groomed"",""ClothingStyle"":""Classy-Fashionable"",""ImageQuality"":""Good"",""Emotion"":""Happy"",""ClothingStyle2"":""Sports"",""BodyPose"":""Front-Frontish""}"
images/Set1/2130_1.jpg,-1,"{}",1,0,"{""name"":""rect"",""x"":19,""y"":16,""width"":374,""height"":957}","{""Age"":""25-35"",""Weight"":""slightly-overweight"",""Gender"":""male"",""Economy-Class"":""lower middle class"",""Education"":""Uneducation"",""CarryingBag"":""None"",""Accessories"":{""Watch"":true},""Footwear"":""CantSee"",""Demeanour"":""Unkept"",""ClothingStyle"":""Below Average"",""ImageQuality"":""Good"",""Emotion"":""Angry/Serious"",""ClothingStyle2"":""Daily"",""BodyPose"":""Front-Frontish""}"
images/Set1/IMG (359).jpg,-1,"{}",1,0,"{""name"":""rect"",""x"":17,""y"":21,""width"":257,""height"":616}","{""Age"":""35-45"",""Weight"":""normal-healthy"",""Gender"":""female"",""Economy-Class"":""upper class"",""Education"":""Educated"",""CarryingBag"":""Shopping "",""Accessories"":{""Earings"":true},""Footwear"":""CantSee"",""Demeanour"":""Classy-Groomed"",""ClothingStyle"":""Classy-Fashionable"",""ImageQuality"":""Average"",""Emotion"":""Neutral"",""ClothingStyle2"":""Sports"",""BodyPose"":""Side""}"
images/Set1/11250_3.jpg,-1,"{}",2,0,"{""name"":""rect"",""x"":14,""y"":170,""width"":100,""height"":135}","{""Age"":""45-55"",""Weight"":""underweight"",""Gender"":""male"",""Economy-Class"":""lower middle class"",""Education"":""Uneducation"",""CarryingBag"":""None"",""Accessories"":{""Nothing"":true},""Footwear"":""CantSee"",""Demeanour"":""Unkept"",""ClothingStyle"":""Below Average"",""ImageQuality"":""Good"",""Emotion"":""Sad"",""ClothingStyle2"":""Daily"",""BodyPose"":""Side""}"
images/Set1/11250_3.jpg,-1,"{}",2,1,"{""name"":""rect"",""x"":16,""y"":6,""width"":105,""height"":300}","{""Age"":""25-35"",""Weight"":""slightly-overweight"",""Gender"":""male"",""Economy-Class"":""middle class"",""Education"":""Uneducation"",""CarryingBag"":""None"",""Accessories"":{""Nothing"":true},""Footwear"":""CantSee"",""Demeanour"":""Average"",""ClothingStyle"":""Average"",""ImageQuality"":""Good"",""Emotion"":""Angry/Serious"",""ClothingStyle2"":""Formal/Business"",""BodyPose"":""Front-Frontish""}"
images/Set1/7470_0.jpg,-1,"{}",1,0,"{""name"":""rect"",""x"":8,""y"":8,""width"":155,""height"":489}","{""Age"":""25-35"",""Weight"":""normal-healthy"",""Gender"":""male"",""Economy-Class"":""lower middle class"",""Education"":""Uneducation"",""CarryingBag"":""None"",""Accessories"":{""OtherJewellery"":true},""Footwear"":""Normal"",""Demeanour"":""Average"",""ClothingStyle"":""Average"",""ImageQuality"":""Good"",""Emotion"":""Neutral"",""ClothingStyle2"":""Sports"",""BodyPose"":""Back""}"
images/Set1/32160_3.jpg,-1,"{}",1,0,"{""name"":""rect"",""x"":14,""y"":2,""width"":173,""height"":436}","{""Age"":""35-45"",""Weight"":""slightly-overweight"",""Gender"":""female"",""Economy-Class"":""upper class"",""Education"":""Educated"",""CarryingBag"":""Shopping "",""Accessories"":{""Earings"":true},""Footwear"":""Normal"",""Demeanour"":""Classy-Groomed"",""ClothingStyle"":""Classy-Fashionable"",""ImageQuality"":""Good"",""Emotion"":""Neutral"",""ClothingStyle2"":""Daily"",""BodyPose"":""Side""}"
images/Set1/2310_8.jpg,-1,"{}",1,0,"{""name"":""rect"",""x"":8,""y"":5,""width"":125,""height"":371}","{""Age"":""15-25"",""Weight"":""normal-healthy"",""Gender"":""female"",""Economy-Class"":""middle class"",""Education"":""Educated"",""CarryingBag"":""None"",""Accessories"":{""Nothing"":true},""Footwear"":""Normal"",""Demeanour"":""Classy-Groomed"",""ClothingStyle"":""Classy-Fashionable"",""ImageQuality"":""Good"",""Emotion"":""Neutral"",""ClothingStyle2"":""Formal/Business"",""BodyPose"":""Back""}"
images/Set1/15540_6.jpg,-1,"{}",1,0,"{""name"":""rect"",""x"":24,""y"":5,""width"":211,""height"":771}","{""Age"":""35-45"",""Weight"":""normal-healthy"",""Gender"":""female"",""Economy-Class"":""upper class"",""Education"":""Highly Educated"",""CarryingBag"":""Daily/Office/Work Bag"",""Accessories"":{""Earings"":true},""Footwear"":""Fancy"",""Demeanour"":""Classy-Groomed"",""ClothingStyle"":""Classy-Fashionable"",""ImageQuality"":""Good"",""Emotion"":""Neutral"",""ClothingStyle2"":""Sports"",""BodyPose"":""Side""}"
images/Set1/75810_4.jpg,-1,"{}",1,0,"{""name"":""rect"",""x"":11,""y"":13,""width"":152,""height"":364}","{""Age"":""55+"",""Weight"":""slightly-overweight"",""Gender"":""female"",""Economy-Class"":""middle class"",""Education"":""Educated"",""CarryingBag"":""None"",""Accessories"":{""OtherJewellery"":true},""Footwear"":""CantSee"",""Demeanour"":""Classy-Groomed"",""ClothingStyle"":""Classy-Fashionable"",""ImageQuality"":""Good"",""Emotion"":""Neutral"",""ClothingStyle2"":""Ethnic"",""BodyPose"":""Back""}"
images/Set1/2310_1 (3).jpg,-1,"{}",1,0,"{""name"":""rect"",""x"":8,""y"":8,""width"":96,""height"":272}","{""Age"":""15-25"",""Weight"":""underweight"",""Gender"":""male"",""Economy-Class"":""upper class"",""Education"":""Educated"",""CarryingBag"":""None"",""Accessories"":{""Watch"":true,""Sunglasses"":true},""Footwear"":""Normal"",""Demeanour"":""Classy-Groomed"",""ClothingStyle"":""Classy-Fashionable"",""ImageQuality"":""Good"",""Emotion"":""Happy"",""ClothingStyle2"":""Formal/Business"",""BodyPose"":""Front-Frontish""}"
images/Set1/IMG (4810).jpg,-1,"{}",1,0,"{""name"":""rect"",""x"":14,""y"":9,""width"":161,""height"":673}","{""Age"":""45-55"",""Weight"":""underweight"",""Gender"":""male"",""Economy-Class"":""lower middle class"",""Education"":""Uneducation"",""CarryingBag"":""None"",""Accessories"":{""Nothing"":true},""Footwear"":""CantSee"",""Demeanour"":""Average"",""ClothingStyle"":""Average"",""ImageQuality"":""Good"",""Emotion"":""Neutral"",""ClothingStyle2"":""Formal/Business"",""BodyPose"":""Front-Frontish""}"
images/Set1/34200_0 (2).jpg,-1,"{}",1,0,"{""name"":""rect"",""x"":32,""y"":80,""width"":463,""height"":817}","{""Age"":""35-45"",""Weight"":""slightly-overweight"",""Gender"":""male"",""Economy-Class"":""middle class"",""Education"":""Educated"",""CarryingBag"":""None"",""Accessories"":{""Nothing"":true},""Footwear"":""CantSee"",""Demeanour"":""Average"",""ClothingStyle"":""Average"",""ImageQuality"":""Good"",""Emotion"":""Happy"",""ClothingStyle2"":""Daily"",""BodyPose"":""Front-Frontish""}"
images/Set1/12090_1 (2).jpg,-1,"{}",1,0,"{""name"":""rect"",""x"":5,""y"":0,""width"":114,""height"":326}","{""Age"":""45-55"",""Weight"":""underweight"",""Gender"":""male"",""Economy-Class"":""lower middle class"",""Education"":""Uneducation"",""CarryingBag"":""Daily/Office/Work Bag"",""Accessories"":{""Watch"":true},""Footwear"":""Normal"",""Demeanour"":""Unkept"",""ClothingStyle"":""Below Average"",""ImageQuality"":""Good"",""Emotion"":""Sad"",""ClothingStyle2"":""Daily"",""BodyPose"":""Front-Frontish""}"
images/Set1/39390_0 (2).jpg,-1,"{}",1,0,"{""name"":""rect"",""x"":11,""y"":3,""width"":115,""height"":331}","{""Age"":""15-25"",""Weight"":""normal-healthy"",""Gender"":""male"",""Economy-Class"":""uber upper class"",""Education"":""Highly Educated"",""CarryingBag"":""None"",""Accessories"":{""Sunglasses"":true},""Footwear"":""Fancy"",""Demeanour"":""Classy-Groomed"",""ClothingStyle"":""Classy-Fashionable"",""ImageQuality"":""Good"",""Emotion"":""Happy"",""ClothingStyle2"":""Sports"",""BodyPose"":""Side""}"
images/Set1/IMG (5376).jpg,-1,"{}",1,0,"{""name"":""rect"",""x"":20,""y"":6,""width"":113,""height"":374}","{""Age"":""35-45"",""Weight"":""normal-healthy"",""Gender"":""male"",""Economy-Class"":""middle class"",""Education"":""Educated"",""CarryingBag"":""None"",""Accessories"":{""Nothing"":true},""Footwear"":""Normal"",""Demeanour"":""Average"",""ClothingStyle"":""Average"",""ImageQuality"":""Good"",""Emotion"":""Neutral"",""ClothingStyle2"":""Formal/Business"",""BodyPose"":""Back""}"
images/Set1/10230_0 (7).jpg,-1,"{}",1,0,"{""name"":""rect"",""x"":61,""y"":102,""width"":1208,""height"":1781}","{""Age"":""45-55"",""Weight"":""over-weight"",""Gender"":""male"",""Economy-Class"":""upper class"",""Education"":""Educated"",""CarryingBag"":""None"",""Accessories"":{""Nothing"":true},""Footwear"":""CantSee"",""Demeanour"":""Classy-Groomed"",""ClothingStyle"":""Classy-Fashionable"",""ImageQuality"":""Good"",""Emotion"":""Happy"",""ClothingStyle2"":""Sports"",""BodyPose"":""Front-Frontish""}"
images/Set1/IMG (8172).jpg,-1,"{}",1,0,"{""name"":""rect"",""x"":22,""y"":1,""width"":165,""height"":582}","{""Age"":""45-55"",""Weight"":""over-weight"",""Gender"":""male"",""Economy-Class"":""upper class"",""Education"":""Educated"",""CarryingBag"":""None"",""Accessories"":{""Sunglasses"":true},""Footwear"":""Normal"",""Demeanour"":""Classy-Groomed"",""ClothingStyle"":""Classy-Fashionable"",""ImageQuality"":""Good"",""Emotion"":""Happy"",""ClothingStyle2"":""Formal/Business"",""BodyPose"":""Front-Frontish""}"
images/Set1/IMG (1911).jpg,-1,"{}",1,0,"{""name"":""rect"",""x"":20,""y"":6,""width"":134,""height"":393}","{""Age"":""25-35"",""Weight"":""normal-healthy"",""Gender"":""male"",""Economy-Class"":""middle class"",""Education"":""Educated"",""CarryingBag"":""None"",""Accessories"":{""Nothing"":true},""Footwear"":""Fancy"",""Demeanour"":""Classy-Groomed"",""ClothingStyle"":""Classy-Fashionable"",""ImageQuality"":""Good"",""Emotion"":""Happy"",""ClothingStyle2"":""Formal/Business"",""BodyPose"":""Front-Frontish""}"
images/Set1/1320_2.jpg,-1,"{}",1,0,"{""name"":""rect"",""x"":13,""y"":7,""width"":199,""height"":516}","{""Age"":""45-55"",""Weight"":""over-weight"",""Gender"":""male"",""Economy-Class"":""lower middle class"",""Education"":""Uneducation"",""CarryingBag"":""Daily/Office/Work Bag"",""Accessories"":{""Nothing"":true},""Footwear"":""CantSee"",""Demeanour"":""Average"",""ClothingStyle"":""Average"",""ImageQuality"":""Good"",""Emotion"":""Happy"",""ClothingStyle2"":""Formal/Business"",""BodyPose"":""Front-Frontish""}"
images/Set1/6540_1 (2).jpg,-1,"{}",1,0,"{""name"":""rect"",""x"":16,""y"":9,""width"":203,""height"":513}","{""Age"":""15-25"",""Weight"":""normal-healthy"",""Gender"":""female"",""Economy-Class"":""upper class"",""Education"":""Educated"",""CarryingBag"":""Shopping "",""Accessories"":{""Nothing"":true},""Footwear"":""Fancy"",""Demeanour"":""Classy-Groomed"",""ClothingStyle"":""Classy-Fashionable"",""ImageQuality"":""Good"",""Emotion"":""Happy"",""ClothingStyle2"":""Sports"",""BodyPose"":""Front-Frontish""}"
images/Set1/IMG (2265).jpg,-1,"{}",1,0,"{""name"":""rect"",""x"":10,""y"":8,""width"":129,""height"":380}","{""Age"":""15-25"",""Weight"":""normal-healthy"",""Gender"":""male"",""Economy-Class"":""middle class"",""Education"":""Educated"",""CarryingBag"":""None"",""Accessories"":{""OtherJewellery"":true},""Footwear"":""Fancy"",""Demeanour"":""Classy-Groomed"",""ClothingStyle"":""Classy-Fashionable"",""ImageQuality"":""Good"",""Emotion"":""Neutral"",""ClothingStyle2"":""Formal/Business"",""BodyPose"":""Side""}"
images/Set1/14970_2.jpg,-1,"{}",1,0,"{""name"":""rect"",""x"":7,""y"":4,""width"":148,""height"":583}","{""Age"":""15-25"",""Weight"":""slightly-overweight"",""Gender"":""male"",""Economy-Class"":""upper class"",""Education"":""Educated"",""CarryingBag"":""None"",""Accessories"":{""Nothing"":true},""Footwear"":""CantSee"",""Demeanour"":""Classy-Groomed"",""ClothingStyle"":""Classy-Fashionable"",""ImageQuality"":""Good"",""Emotion"":""Angry/Serious"",""ClothingStyle2"":""Sports"",""BodyPose"":""Side""}"
images/Set1/IMG (5059).jpg,-1,"{}",1,0,"{""name"":""rect"",""x"":7,""y"":14,""width"":116,""height"":335}","{""Age"":""35-45"",""Weight"":""normal-healthy"",""Gender"":""male"",""Economy-Class"":""middle class"",""Education"":""Educated"",""CarryingBag"":""None"",""Accessories"":{""Nothing"":true},""Footwear"":""Normal"",""Demeanour"":""Average"",""ClothingStyle"":""Average"",""ImageQuality"":""Good"",""Emotion"":""Happy"",""ClothingStyle2"":""Formal/Business"",""BodyPose"":""Front-Frontish""}"
images/Set1/14220_2.jpg,-1,"{}",1,0,"{""name"":""rect"",""x"":8,""y"":6,""width"":163,""height"":443}","{""Age"":""25-35"",""Weight"":""slightly-overweight"",""Gender"":""female"",""Economy-Class"":""uber upper class"",""Education"":""Highly Educated"",""CarryingBag"":""Daily/Office/Work Bag"",""Accessories"":{""Watch"":true,""Earings"":true},""Footwear"":""Normal"",""Demeanour"":""Classy-Groomed"",""ClothingStyle"":""Classy-Fashionable"",""ImageQuality"":""Good"",""Emotion"":""Neutral"",""ClothingStyle2"":""Formal/Business"",""BodyPose"":""Back""}"
images/Set1/210_2 (3).jpg,-1,"{}",1,0,"{""name"":""rect"",""x"":4,""y"":9,""width"":107,""height"":276}","{""Age"":""15-25"",""Weight"":""underweight"",""Gender"":""male"",""Economy-Class"":""middle class"",""Education"":""Educated"",""CarryingBag"":""Daily/Office/Work Bag"",""Accessories"":{""Nothing"":true},""Footwear"":""Normal"",""Demeanour"":""Average"",""ClothingStyle"":""Average"",""ImageQuality"":""Good"",""Emotion"":""Happy"",""ClothingStyle2"":""Formal/Business"",""BodyPose"":""Front-Frontish""}"
images/Set1/7770_0 (5).jpg,-1,"{}",1,0,"{""name"":""rect"",""x"":8,""y"":8,""width"":236,""height"":646}","{""Age"":""25-35"",""Weight"":""normal-healthy"",""Gender"":""male"",""Economy-Class"":""uber upper class"",""Education"":""Highly Educated"",""CarryingBag"":""Grocery/Home/Plastic Bag"",""Accessories"":{""Nothing"":true},""Footwear"":""Fancy"",""Demeanour"":""Classy-Groomed"",""ClothingStyle"":""Classy-Fashionable"",""ImageQuality"":""Good"",""Emotion"":""Happy"",""ClothingStyle2"":""Sports"",""BodyPose"":""Front-Frontish""}"
images/Set1/IMG (3740).jpg,-1,"{}",1,0,"{""name"":""rect"",""x"":15,""y"":3,""width"":138,""height"":437}","{""Age"":""35-45"",""Weight"":""slightly-overweight"",""Gender"":""male"",""Economy-Class"":""middle class"",""Education"":""Educated"",""CarryingBag"":""None"",""Accessories"":{""OtherJewellery"":true},""Footwear"":""Normal"",""Demeanour"":""Average"",""ClothingStyle"":""Average"",""ImageQuality"":""Good"",""Emotion"":""Angry/Serious"",""ClothingStyle2"":""Sports"",""BodyPose"":""Front-Frontish""}"
images/Set1/61020_1.jpg,-1,"{}",1,0,"{""name"":""rect"",""x"":53,""y"":30,""width"":471,""height"":1070}","{""Age"":""25-35"",""Weight"":""normal-healthy"",""Gender"":""female"",""Economy-Class"":""uber upper class"",""Education"":""Highly Educated"",""CarryingBag"":""None"",""Accessories"":{""Earings"":true},""Footwear"":""CantSee"",""Demeanour"":""Classy-Groomed"",""ClothingStyle"":""Classy-Fashionable"",""ImageQuality"":""Good"",""Emotion"":""Happy"",""ClothingStyle2"":""Sports"",""BodyPose"":""Front-Frontish""}"
images/Set1/2820_0.jpg,-1,"{}",1,0,"{""name"":""rect"",""x"":14,""y"":1,""width"":244,""height"":578}","{""Age"":""45-55"",""Weight"":""slightly-overweight"",""Gender"":""male"",""Economy-Class"":""lower middle class"",""Education"":""Uneducation"",""CarryingBag"":""None"",""Accessories"":{""Nothing"":true},""Footwear"":""Normal"",""Demeanour"":""Average"",""ClothingStyle"":""Average"",""ImageQuality"":""Good"",""Emotion"":""Sad"",""ClothingStyle2"":""Formal/Business"",""BodyPose"":""Front-Frontish""}"
images/Set1/IMG (3373).jpg,-1,"{}",1,0,"{""name"":""rect"",""x"":14,""y"":14,""width"":139,""height"":301}","{""Age"":""55+"",""Weight"":""underweight"",""Gender"":""male"",""Economy-Class"":""uber upper class"",""Education"":""Highly Educated"",""CarryingBag"":""None"",""Accessories"":{""Nothing"":true},""Footwear"":""Fancy"",""Demeanour"":""Classy-Groomed"",""ClothingStyle"":""Classy-Fashionable"",""ImageQuality"":""Good"",""Emotion"":""Happy"",""ClothingStyle2"":""Formal/Business"",""BodyPose"":""Front-Frontish""}"
images/Set1/74940_2.jpg,-1,"{}",1,0,"{""name"":""rect"",""x"":13,""y"":2,""width"":420,""height"":1237}","{""Age"":""Under 15"",""Weight"":""normal-healthy"",""Gender"":""female"",""Economy-Class"":""upper class"",""Education"":""Educated"",""CarryingBag"":""Daily/Office/Work Bag"",""Accessories"":{""Nothing"":true},""Footwear"":""Fancy"",""Demeanour"":""Classy-Groomed"",""ClothingStyle"":""Classy-Fashionable"",""ImageQuality"":""Good"",""Emotion"":""Happy"",""ClothingStyle2"":""Formal/Business"",""BodyPose"":""Back""}"
images/Set1/IMG (5813).jpg,-1,"{}",1,0,"{""name"":""rect"",""x"":2,""y"":10,""width"":392,""height"":970}","{""Age"":""25-35"",""Weight"":""underweight"",""Gender"":""male"",""Economy-Class"":""middle class"",""Education"":""Educated"",""CarryingBag"":""None"",""Accessories"":{},""Footwear"":""CantSee"",""Demeanour"":""Average"",""ClothingStyle"":""Average"",""ImageQuality"":""Good"",""Emotion"":""Neutral"",""ClothingStyle2"":""Formal/Business"",""BodyPose"":""Front-Frontish""}"
images/Set1/3150_1 (3).jpg,-1,"{}",1,0,"{""name"":""rect"",""x"":3,""y"":6,""width"":197,""height"":533}","{""Age"":""25-35"",""Weight"":""slightly-overweight"",""Gender"":""female"",""Economy-Class"":""upper class"",""Education"":""Educated"",""CarryingBag"":""None"",""Accessories"":{""Nothing"":true},""Footwear"":""Fancy"",""Demeanour"":""Classy-Groomed"",""ClothingStyle"":""Classy-Fashionable"",""ImageQuality"":""Average"",""Emotion"":""Neutral"",""ClothingStyle2"":""Ethnic"",""BodyPose"":""Front-Frontish""}"
images/Set1/8670_4.jpg,-1,"{}",1,0,"{""name"":""rect"",""x"":26,""y"":5,""width"":100,""height"":318}","{""Age"":""35-45"",""Weight"":""normal-healthy"",""Gender"":""male"",""Economy-Class"":""lower middle class"",""Education"":""Uneducation"",""CarryingBag"":""None"",""Accessories"":{""Nothing"":true},""Footwear"":""Normal"",""Demeanour"":""Unkept"",""ClothingStyle"":""Below Average"",""ImageQuality"":""Good"",""Emotion"":""Neutral"",""ClothingStyle2"":""Daily"",""BodyPose"":""Front-Frontish""}"
images/Set1/32760_0 (2).jpg,-1,"{}",1,0,"{""name"":""rect"",""x"":9,""y"":0,""width"":118,""height"":334}","{""Age"":""15-25"",""Weight"":""underweight"",""Gender"":""male"",""Economy-Class"":""middle class"",""Education"":""Educated"",""CarryingBag"":""None"",""Accessories"":{""Sunglasses"":true},""Footwear"":""Normal"",""Demeanour"":""Classy-Groomed"",""ClothingStyle"":""Classy-Fashionable"",""ImageQuality"":""Good"",""Emotion"":""Happy"",""ClothingStyle2"":""Formal/Business"",""BodyPose"":""Front-Frontish""}"
images/Set1/8040_2.jpg,-1,"{}",1,0,"{""name"":""rect"",""x"":10,""y"":16,""width"":308,""height"":304}","{""Age"":""55+"",""Weight"":""normal-healthy"",""Gender"":""female"",""Economy-Class"":""lower middle class"",""Education"":""Uneducation"",""CarryingBag"":""None"",""Accessories"":{""Nothing"":true},""Footwear"":""CantSee"",""Demeanour"":""Unkept"",""ClothingStyle"":""Below Average"",""ImageQuality"":""Good"",""Emotion"":""Neutral"",""ClothingStyle2"":""Ethnic"",""BodyPose"":""Side""}"
images/Set1/27690_4.jpg,-1,"{}",1,0,"{""name"":""rect"",""x"":14,""y"":9,""width"":210,""height"":584}","{""Age"":""15-25"",""Weight"":""normal-healthy"",""Gender"":""female"",""Economy-Class"":""uber upper class"",""Education"":""Educated"",""CarryingBag"":""None"",""Accessories"":{""Sunglasses"":true,""Watch"":true},""Footwear"":""Fancy"",""Demeanour"":""Classy-Groomed"",""ClothingStyle"":""Classy-Fashionable"",""ImageQuality"":""Average"",""Emotion"":""Happy"",""ClothingStyle2"":""Formal/Business"",""BodyPose"":""Front-Frontish""}"
images/Set1/IMG (521).jpg,-1,"{}",1,0,"{""name"":""rect"",""x"":32,""y"":24,""width"":164,""height"":462}","{""Age"":""35-45"",""Weight"":""slightly-overweight"",""Gender"":""female"",""Economy-Class"":""upper class"",""Education"":""Educated"",""CarryingBag"":""Daily/Office/Work Bag"",""Accessories"":{""Earings"":true,""Watch"":true},""Footwear"":""CantSee"",""Demeanour"":""Classy-Groomed"",""ClothingStyle"":""Classy-Fashionable"",""ImageQuality"":""Good"",""Emotion"":""Sad"",""ClothingStyle2"":""Ethnic"",""BodyPose"":""Front-Frontish""}"
images/Set1/IMG (6305).jpg,-1,"{}",1,0,"{""name"":""rect"",""x"":11,""y"":21,""width"":268,""height"":892}","{""Age"":""55+"",""Weight"":""over-weight"",""Gender"":""male"",""Economy-Class"":""lower middle class"",""Education"":""Uneducation"",""CarryingBag"":""None"",""Accessories"":{""Nothing"":true},""Footwear"":""CantSee"",""Demeanour"":""Average"",""ClothingStyle"":""Average"",""ImageQuality"":""Good"",""Emotion"":""Sad"",""ClothingStyle2"":""Daily"",""BodyPose"":""Side""}"
images/Set1/21900_4.jpg,-1,"{}",1,0,"{""name"":""rect"",""x"":3,""y"":1,""width"":172,""height"":417}","{""Age"":""25-35"",""Weight"":""underweight"",""Gender"":""male"",""Economy-Class"":""lower middle class"",""Education"":""Uneducation"",""CarryingBag"":""None"",""Accessories"":{""Nothing"":true},""Footwear"":""CantSee"",""Demeanour"":""Unkept"",""ClothingStyle"":""Below Average"",""ImageQuality"":""Good"",""Emotion"":""Neutral"",""ClothingStyle2"":""Daily"",""BodyPose"":""Side""}"
images/Set1/IMG (8159).jpg,-1,"{}",1,0,"{""name"":""rect"",""x"":11,""y"":1,""width"":281,""height"":499}","{""Age"":""55+"",""Weight"":""underweight"",""Gender"":""female"",""Economy-Class"":""lower middle class"",""Education"":""Uneducation"",""CarryingBag"":""None"",""Accessories"":{""Sunglasses"":true,""OtherJewellery"":true,""Earings"":true},""Footwear"":""CantSee"",""Demeanour"":""Average"",""ClothingStyle"":""Average"",""ImageQuality"":""Good"",""Emotion"":""Happy"",""ClothingStyle2"":""Ethnic"",""BodyPose"":""Side""}"
images/Set1/1800_0.jpg,-1,"{}",1,0,"{""name"":""rect"",""x"":7,""y"":31,""width"":603,""height"":999}","{""Age"":""35-45"",""Weight"":""over-weight"",""Gender"":""female"",""Economy-Class"":""middle class"",""Education"":""Educated"",""CarryingBag"":""None"",""Accessories"":{""Nothing"":true},""Footwear"":""CantSee"",""Demeanour"":""Average"",""ClothingStyle"":""Average"",""ImageQuality"":""Good"",""Emotion"":""Happy"",""ClothingStyle2"":""Ethnic"",""BodyPose"":""Side""}"
images/Set1/IMG (1272).jpg,-1,"{}",1,0,"{""name"":""rect"",""x"":4,""y"":24,""width"":213,""height"":416}","{""Age"":""25-35"",""Weight"":""normal-healthy"",""Gender"":""female"",""Economy-Class"":""upper class"",""Education"":""Educated"",""CarryingBag"":""Shopping "",""Accessories"":{""Earings"":true,""Sunglasses"":true,""OtherJewellery"":true},""Footwear"":""Normal"",""Demeanour"":""Classy-Groomed"",""ClothingStyle"":""Classy-Fashionable"",""ImageQuality"":""Good"",""Emotion"":""Neutral"",""ClothingStyle2"":""Ethnic"",""BodyPose"":""Side""}"
images/Set1/14820_9.jpg,-1,"{}",1,0,"{""name"":""rect"",""x"":8,""y"":3,""width"":169,""height"":433}","{""Age"":""15-25"",""Weight"":""underweight"",""Gender"":""male"",""Economy-Class"":""middle class"",""Education"":""Educated"",""CarryingBag"":""None"",""Accessories"":{""Watch"":true},""Footwear"":""CantSee"",""Demeanour"":""Average"",""ClothingStyle"":""Average"",""ImageQuality"":""Good"",""Emotion"":""Happy"",""ClothingStyle2"":""Sports"",""BodyPose"":""Front-Frontish""}"
images/Set1/1320_4 (2).jpg,-1,"{}",1,0,"{""name"":""rect"",""x"":21,""y"":11,""width"":322,""height"":885}","{""Age"":""25-35"",""Weight"":""normal-healthy"",""Gender"":""male"",""Economy-Class"":""upper class"",""Education"":""Educated"",""CarryingBag"":""Daily/Office/Work Bag"",""Accessories"":{""Nothing"":true},""Footwear"":""Normal"",""Demeanour"":""Classy-Groomed"",""ClothingStyle"":""Classy-Fashionable"",""ImageQuality"":""Average"",""Emotion"":""Neutral"",""ClothingStyle2"":""Sports"",""BodyPose"":""Front-Frontish""}"
images/Set1/IMG (5741).jpg,-1,"{}",1,0,"{""name"":""rect"",""x"":18,""y"":2,""width"":404,""height"":996}","{""Age"":""55+"",""Weight"":""normal-healthy"",""Gender"":""male"",""Economy-Class"":""middle class"",""Education"":""Educated"",""CarryingBag"":""None"",""Accessories"":{""Nothing"":true},""Footwear"":""CantSee"",""Demeanour"":""Average"",""ClothingStyle"":""Average"",""ImageQuality"":""Good"",""Emotion"":""Happy"",""ClothingStyle2"":""Daily"",""BodyPose"":""Front-Frontish""}"
images/Set1/16110_0 (3).jpg,-1,"{}",1,0,"{""name"":""rect"",""x"":14,""y"":6,""width"":108,""height"":333}","{""Age"":""35-45"",""Weight"":""normal-healthy"",""Gender"":""male"",""Economy-Class"":""upper class"",""Education"":""Educated"",""CarryingBag"":""None"",""Accessories"":{""Sunglasses"":true},""Footwear"":""Normal"",""Demeanour"":""Classy-Groomed"",""ClothingStyle"":""Classy-Fashionable"",""ImageQuality"":""Good"",""Emotion"":""Happy"",""ClothingStyle2"":""Formal/Business"",""BodyPose"":""Front-Frontish""}"
images/Set1/3120_0 (4).jpg,-1,"{}",1,0,"{""name"":""rect"",""x"":11,""y"":5,""width"":496,""height"":837}","{""Age"":""25-35"",""Weight"":""slightly-overweight"",""Gender"":""male"",""Economy-Class"":""middle class"",""Education"":""Educated"",""CarryingBag"":""Daily/Office/Work Bag"",""Accessories"":{""Watch"":true,""OtherJewellery"":true},""Footwear"":""CantSee"",""Demeanour"":""Classy-Groomed"",""ClothingStyle"":""Classy-Fashionable"",""ImageQuality"":""Good"",""Emotion"":""Happy"",""ClothingStyle2"":""Formal/Business"",""BodyPose"":""Front-Frontish""}"
images/Set1/24930_1.jpg,-1,"{}",1,0,"{""name"":""rect"",""x"":18,""y"":3,""width"":145,""height"":521}","{""Age"":""55+"",""Weight"":""slightly-overweight"",""Gender"":""male"",""Economy-Class"":""middle class"",""Education"":""Educated"",""CarryingBag"":""Shopping "",""Accessories"":{""Nothing"":true},""Footwear"":""Normal"",""Demeanour"":""Average"",""ClothingStyle"":""Average"",""ImageQuality"":""Good"",""Emotion"":""Happy"",""ClothingStyle2"":""Daily"",""BodyPose"":""Front-Frontish""}"
images/Set1/IMG (4041).jpg,-1,"{}",1,0,"{""name"":""rect"",""x"":22,""y"":7,""width"":122,""height"":413}","{""Age"":""25-35"",""Weight"":""normal-healthy"",""Gender"":""female"",""Economy-Class"":""middle class"",""Education"":""Educated"",""CarryingBag"":""Daily/Office/Work Bag"",""Accessories"":{""OtherJewellery"":true,""Earings"":true},""Footwear"":""Normal"",""Demeanour"":""Average"",""ClothingStyle"":""Average"",""ImageQuality"":""Good"",""Emotion"":""Happy"",""ClothingStyle2"":""Ethnic"",""BodyPose"":""Side""}"
images/Set1/IMG (918).jpg,-1,"{}",1,0,"{""name"":""rect"",""x"":27,""y"":22,""width"":171,""height"":279}","{""Age"":""45-55"",""Weight"":""normal-healthy"",""Gender"":""male"",""Economy-Class"":""upper class"",""Education"":""Educated"",""CarryingBag"":""None"",""Accessories"":{""Nothing"":true},""Footwear"":""CantSee"",""Demeanour"":""Classy-Groomed"",""ClothingStyle"":""Average"",""ImageQuality"":""Good"",""Emotion"":""Neutral"",""ClothingStyle2"":""Formal/Business"",""BodyPose"":""Front-Frontish""}"
images/Set1/IMG (7097).jpg,-1,"{}",1,0,"{""name"":""rect"",""x"":10,""y"":0,""width"":339,""height"":598}","{""Age"":""25-35"",""Weight"":""over-weight"",""Gender"":""male"",""Economy-Class"":""middle class"",""Education"":""Educated"",""CarryingBag"":""None"",""Accessories"":{""Watch"":true},""Footwear"":""CantSee"",""Demeanour"":""Classy-Groomed"",""ClothingStyle"":""Average"",""ImageQuality"":""Average"",""Emotion"":""Happy"",""ClothingStyle2"":""Formal/Business"",""BodyPose"":""Front-Frontish""}"
images/Set1/4860_0.jpg,-1,"{}",1,0,"{""name"":""rect"",""x"":9,""y"":8,""width"":340,""height"":736}","{""Age"":""35-45"",""Weight"":""slightly-overweight"",""Gender"":""male"",""Economy-Class"":""middle class"",""Education"":""Uneducation"",""CarryingBag"":""Daily/Office/Work Bag"",""Accessories"":{""Watch"":true},""Footwear"":""CantSee"",""Demeanour"":""Average"",""ClothingStyle"":""Average"",""ImageQuality"":""Good"",""Emotion"":""Sad"",""ClothingStyle2"":""Sports"",""BodyPose"":""Front-Frontish""}"
images/Set1/4920_1.jpg,-1,"{}",1,0,"{""name"":""rect"",""x"":30,""y"":10,""width"":451,""height"":433}","{""Age"":""45-55"",""Weight"":""slightly-overweight"",""Gender"":""female"",""Economy-Class"":""middle class"",""Education"":""Uneducation"",""CarryingBag"":undefined,""Accessories"":{""OtherJewellery"":true,""Earings"":true},""Footwear"":""CantSee"",""Demeanour"":""Average"",""ClothingStyle"":""Average"",""ImageQuality"":""Good"",""Emotion"":""Happy"",""ClothingStyle2"":""Ethnic"",""BodyPose"":""Front-Frontish""}"
images/Set1/39990_1.jpg,-1,"{}",1,0,"{""name"":""rect"",""x"":5,""y"":2,""width"":216,""height"":586}","{""Age"":""15-25"",""Weight"":""normal-healthy"",""Gender"":""female"",""Economy-Class"":""upper class"",""Education"":""Educated"",""CarryingBag"":""Grocery/Home/Plastic Bag"",""Accessories"":{""Watch"":true,""Earings"":true},""Footwear"":""Normal"",""Demeanour"":""Classy-Groomed"",""ClothingStyle"":""Classy-Fashionable"",""ImageQuality"":""Good"",""Emotion"":""Happy"",""ClothingStyle2"":""Formal/Business"",""BodyPose"":""Back""}"
images/Set1/IMG (6919).jpg,-1,"{}",1,0,"{""name"":""rect"",""x"":39,""y"":39,""width"":316,""height"":938}","{""Age"":""55+"",""Weight"":""underweight"",""Gender"":""male"",""Economy-Class"":""upper class"",""Education"":""Educated"",""CarryingBag"":""None"",""Accessories"":{""Nothing"":true},""Footwear"":""CantSee"",""Demeanour"":""Classy-Groomed"",""ClothingStyle"":""Classy-Fashionable"",""ImageQuality"":""Good"",""Emotion"":""Angry/Serious"",""ClothingStyle2"":""Formal/Business"",""BodyPose"":""Front-Frontish""}"
images/Set1/8640_4.jpg,-1,"{}",1,0,"{""name"":""rect"",""x"":28,""y"":12,""width"":324,""height"":859}","{""Age"":""25-35"",""Weight"":""normal-healthy"",""Gender"":""male"",""Economy-Class"":""uber upper class"",""Education"":""Educated"",""CarryingBag"":""None"",""Accessories"":{""OtherJewellery"":true,""Watch"":true},""Footwear"":""Fancy"",""Demeanour"":""Classy-Groomed"",""ClothingStyle"":""Classy-Fashionable"",""ImageQuality"":""Good"",""Emotion"":""Happy"",""ClothingStyle2"":""Formal/Business"",""BodyPose"":""Side""}"
images/Set1/IMG (2982).jpg,-1,"{}",1,0,"{""name"":""rect"",""x"":6,""y"":9,""width"":134,""height"":294}","{""Age"":""35-45"",""Weight"":""normal-healthy"",""Gender"":""male"",""Economy-Class"":""middle class"",""Education"":""Educated"",""CarryingBag"":""None"",""Accessories"":{""Nothing"":true},""Footwear"":""CantSee"",""Demeanour"":""Average"",""ClothingStyle"":""Average"",""ImageQuality"":""Good"",""Emotion"":""Neutral"",""ClothingStyle2"":""Formal/Business"",""BodyPose"":""Front-Frontish""}"
images/Set1/IMG (3176).jpg,-1,"{}",1,0,"{""name"":""rect"",""x"":13,""y"":9,""width"":175,""height"":472}","{""Age"":""25-35"",""Weight"":""normal-healthy"",""Gender"":""female"",""Economy-Class"":""upper class"",""Education"":""Educated"",""CarryingBag"":""None"",""Accessories"":{""OtherJewellery"":true},""Footwear"":""Normal"",""Demeanour"":""Classy-Groomed"",""ClothingStyle"":""Classy-Fashionable"",""ImageQuality"":""Good"",""Emotion"":""Happy"",""ClothingStyle2"":""Ethnic"",""BodyPose"":""Front-Frontish""}"
images/Set1/IMG (3841).jpg,-1,"{}",1,0,"{""name"":""rect"",""x"":9,""y"":24,""width"":121,""height"":319}","{""Age"":""25-35"",""Weight"":""normal-healthy"",""Gender"":""male"",""Economy-Class"":""middle class"",""Education"":""Educated"",""CarryingBag"":""None"",""Accessories"":{""OtherJewellery"":true,""Watch"":true},""Footwear"":""Normal"",""Demeanour"":""Classy-Groomed"",""ClothingStyle"":""Classy-Fashionable"",""ImageQuality"":""Good"",""Emotion"":""Happy"",""ClothingStyle2"":""Formal/Business"",""BodyPose"":""Front-Frontish""}"
images/Set1/IMG (1642).jpg,-1,"{}",1,0,"{""name"":""rect"",""x"":37,""y"":5,""width"":137,""height"":362}","{""Age"":""45-55"",""Weight"":""slightly-overweight"",""Gender"":""male"",""Economy-Class"":""middle class"",""Education"":""Educated"",""CarryingBag"":""Daily/Office/Work Bag"",""Accessories"":{""Nothing"":true},""Footwear"":""Normal"",""Demeanour"":""Classy-Groomed"",""ClothingStyle"":""Average"",""ImageQuality"":""Good"",""Emotion"":""Neutral"",""ClothingStyle2"":""Formal/Business"",""BodyPose"":""Back""}"
images/Set1/7470_2.jpg,-1,"{}",1,0,"{""name"":""rect"",""x"":26,""y"":10,""width"":281,""height"":684}","{""Age"":""45-55"",""Weight"":""underweight"",""Gender"":""male"",""Economy-Class"":""lower middle class"",""Education"":""Uneducation"",""CarryingBag"":""None"",""Accessories"":{""Nothing"":true},""Footwear"":""CantSee"",""Demeanour"":""Average"",""ClothingStyle"":""Average"",""ImageQuality"":""Good"",""Emotion"":""Happy"",""ClothingStyle2"":""Daily"",""BodyPose"":""Front-Frontish""}"
images/Set1/IMG (1223).jpg,-1,"{}",1,0,"{""name"":""rect"",""x"":21,""y"":15,""width"":102,""height"":325}","{""Age"":""15-25"",""Weight"":""normal-healthy"",""Gender"":""female"",""Economy-Class"":""middle class"",""Education"":""Educated"",""CarryingBag"":""Daily/Office/Work Bag"",""Accessories"":{""Nothing"":true},""Footwear"":""Normal"",""Demeanour"":""Classy-Groomed"",""ClothingStyle"":""Classy-Fashionable"",""ImageQuality"":""Good"",""Emotion"":""Neutral"",""ClothingStyle2"":""Formal/Business"",""BodyPose"":""Back""}"
images/Set1/IMG (4649).jpg,-1,"{}",1,0,"{""name"":""rect"",""x"":18,""y"":13,""width"":151,""height"":406}","{""Age"":""55+"",""Weight"":""normal-healthy"",""Gender"":""male"",""Economy-Class"":""uber upper class"",""Education"":""Highly Educated"",""CarryingBag"":""Grocery/Home/Plastic Bag"",""Accessories"":{""Nothing"":true},""Footwear"":""Normal"",""Demeanour"":""Classy-Groomed"",""ClothingStyle"":""Classy-Fashionable"",""ImageQuality"":""Average"",""Emotion"":""Happy"",""ClothingStyle2"":""Sports"",""BodyPose"":""Front-Frontish""}"
images/Set1/IMG (448).jpg,-1,"{}",1,0,"{""name"":""rect"",""x"":15,""y"":14,""width"":207,""height"":532}","{""Age"":""25-35"",""Weight"":""normal-healthy"",""Gender"":""female"",""Economy-Class"":""upper class"",""Education"":""Educated"",""CarryingBag"":""None"",""Accessories"":{""Nothing"":true},""Footwear"":""Fancy"",""Demeanour"":""Classy-Groomed"",""ClothingStyle"":""Classy-Fashionable"",""ImageQuality"":""Average"",""Emotion"":""Neutral"",""ClothingStyle2"":""Formal/Business"",""BodyPose"":""Side""}"
images/Set2/31110_1.jpg,-1,"{}",1,0,"{""name"":""rect"",""x"":16,""y"":18,""width"":367,""height"":1261}","{""Age"":""35-45"",""Weight"":""normal-healthy"",""Gender"":""female"",""Economy-Class"":""uber upper class"",""Education"":""Highly Educated"",""CarryingBag"":""Daily/Office/Work Bag"",""Accessories"":{""Sunglasses"":true,""OtherJewellery"":true,""Watch"":true,""Earings"":true},""Footwear"":""Fancy"",""Demeanour"":""Classy-Groomed"",""ClothingStyle"":""Classy-Fashionable"",""ImageQuality"":""Good"",""Emotion"":""Happy"",""ClothingStyle2"":""Sports"",""BodyPose"":""Front-Frontish""}"
images/Set2/23100_5.jpg,-1,"{}",1,0,"{""name"":""rect"",""x"":9,""y"":13,""width"":167,""height"":694}","{""Age"":""25-35"",""Weight"":""underweight"",""Gender"":""female"",""Economy-Class"":""upper class"",""Education"":""Educated"",""CarryingBag"":""Daily/Office/Work Bag"",""Accessories"":{""Nothing"":true},""Footwear"":""Fancy"",""Demeanour"":""Classy-Groomed"",""ClothingStyle"":""Classy-Fashionable"",""ImageQuality"":""Good"",""Emotion"":""Happy"",""ClothingStyle2"":""Sports"",""BodyPose"":""Side""}"
images/Set2/510_2.jpg,-1,"{}",1,0,"{""name"":""rect"",""x"":52,""y"":5,""width"":467,""height"":1420}","{""Age"":""35-45"",""Weight"":""normal-healthy"",""Gender"":""female"",""Economy-Class"":""middle class"",""Education"":""Educated"",""CarryingBag"":""None"",""Accessories"":{""Nothing"":true},""Footwear"":""CantSee"",""Demeanour"":""Average"",""ClothingStyle"":""Average"",""ImageQuality"":""Good"",""Emotion"":""Angry/Serious"",""ClothingStyle2"":""Formal/Business"",""BodyPose"":""Side""}"
images/Set2/41640_4.jpg,-1,"{}",2,0,"{""name"":""rect"",""x"":56,""y"":9,""width"":126,""height"":509}","{""Age"":""25-35"",""Weight"":""normal-healthy"",""Gender"":""female"",""Economy-Class"":""uber upper class"",""Education"":""Educated"",""CarryingBag"":""Daily/Office/Work Bag"",""Accessories"":{""Watch"":true},""Footwear"":""Fancy"",""Demeanour"":""Classy-Groomed"",""ClothingStyle"":""Classy-Fashionable"",""ImageQuality"":""Good"",""Emotion"":""Happy"",""ClothingStyle2"":""Formal/Business"",""BodyPose"":""Front-Frontish""}"
images/Set2/41640_4.jpg,-1,"{}",2,1,"{""name"":""rect"",""x"":4,""y"":2,""width"":77,""height"":503}","{""Age"":""15-25"",""Weight"":""normal-healthy"",""Gender"":""male"",""Economy-Class"":""upper class"",""Education"":""Educated"",""CarryingBag"":""None"",""Accessories"":{""Cap"":true},""Footwear"":""Fancy"",""Demeanour"":""Classy-Groomed"",""ClothingStyle"":""Classy-Fashionable"",""ImageQuality"":""Good"",""Emotion"":""Happy"",""ClothingStyle2"":""Formal/Business"",""BodyPose"":""Front-Frontish""}"
images/Set2/31920_4.jpg,-1,"{}",1,0,"{""name"":""rect"",""x"":33,""y"":10,""width"":285,""height"":682}","{""Age"":""35-45"",""Weight"":""underweight"",""Gender"":""female"",""Economy-Class"":""upper class"",""Education"":""Educated"",""CarryingBag"":""Shopping "",""Accessories"":{""Nothing"":true},""Footwear"":""Fancy"",""Demeanour"":""Average"",""ClothingStyle"":""Average"",""ImageQuality"":""Good"",""Emotion"":""Neutral"",""ClothingStyle2"":""Formal/Business"",""BodyPose"":""Back""}"
images/Set2/35190_4.jpg,-1,"{}",1,0,"{""name"":""rect"",""x"":43,""y"":8,""width"":241,""height"":626}","{""Age"":""25-35"",""Weight"":""normal-healthy"",""Gender"":""female"",""Economy-Class"":""upper class"",""Education"":""Educated"",""CarryingBag"":""Daily/Office/Work Bag"",""Accessories"":{},""Footwear"":""CantSee"",""Demeanour"":""Classy-Groomed"",""ClothingStyle"":""Classy-Fashionable"",""ImageQuality"":""Good"",""Emotion"":""Happy"",""ClothingStyle2"":""Formal/Business"",""BodyPose"":""Front-Frontish""}"
images/Set2/21270_1.jpg,-1,"{}",1,0,"{""name"":""rect"",""x"":19,""y"":15,""width"":136,""height"":419}","{""Age"":""35-45"",""Weight"":""normal-healthy"",""Gender"":""female"",""Economy-Class"":""middle class"",""Education"":""Educated"",""CarryingBag"":""Shopping "",""Accessories"":{""Earings"":true},""Footwear"":""Fancy"",""Demeanour"":""Classy-Groomed"",""ClothingStyle"":""Classy-Fashionable"",""ImageQuality"":""Good"",""Emotion"":""Neutral"",""ClothingStyle2"":""Sports"",""BodyPose"":""Front-Frontish""}"
images/Set2/17910_1 (2).jpg,-1,"{}",1,0,"{""name"":""rect"",""x"":0,""y"":40,""width"":728,""height"":1667}","{""Age"":""45-55"",""Weight"":""normal-healthy"",""Gender"":""female"",""Economy-Class"":""uber upper class"",""Education"":""Highly Educated"",""CarryingBag"":""Daily/Office/Work Bag"",""Accessories"":{""Earings"":true},""Footwear"":""Fancy"",""Demeanour"":""Classy-Groomed"",""ClothingStyle"":""Classy-Fashionable"",""ImageQuality"":""Good"",""Emotion"":""Happy"",""ClothingStyle2"":""Formal/Business"",""BodyPose"":""Front-Frontish""}"
images/Set2/5820_2.jpg,-1,"{}",1,0,"{""name"":""rect"",""x"":28,""y"":13,""width"":291,""height"":883}","{""Age"":""25-35"",""Weight"":""normal-healthy"",""Gender"":""female"",""Economy-Class"":""upper class"",""Education"":""Educated"",""CarryingBag"":""Daily/Office/Work Bag"",""Accessories"":{},""Footwear"":""Fancy"",""Demeanour"":""Classy-Groomed"",""ClothingStyle"":""Classy-Fashionable"",""ImageQuality"":""Good"",""Emotion"":""Happy"",""ClothingStyle2"":""Sports"",""BodyPose"":""Back""}"
images/Set2/19680_1.jpg,-1,"{}",1,0,"{""name"":""rect"",""x"":84,""y"":3,""width"":560,""height"":1487}","{""Age"":""15-25"",""Weight"":""normal-healthy"",""Gender"":""female"",""Economy-Class"":""upper class"",""Education"":""Educated"",""CarryingBag"":""None"",""Accessories"":{""Sunglasses"":true},""Footwear"":""Fancy"",""Demeanour"":""Classy-Groomed"",""ClothingStyle"":""Classy-Fashionable"",""ImageQuality"":""Good"",""Emotion"":""Happy"",""ClothingStyle2"":""Sports"",""BodyPose"":""Back""}"
images/Set2/6990_4.jpg,-1,"{}",3,0,"{""name"":""rect"",""x"":34,""y"":26,""width"":96,""height"":318}","{""Age"":""45-55"",""Weight"":""normal-healthy"",""Gender"":""female"",""Economy-Class"":""uber upper class"",""Education"":""Educated"",""CarryingBag"":""None"",""Accessories"":{""Sunglasses"":true},""Footwear"":""Fancy"",""Demeanour"":""Classy-Groomed"",""ClothingStyle"":""Classy-Fashionable"",""ImageQuality"":""Good"",""Emotion"":""Happy"",""ClothingStyle2"":""Sports"",""BodyPose"":""Side""}"
images/Set2/6990_4.jpg,-1,"{}",3,1,"{""name"":""rect"",""x"":113,""y"":6,""width"":78,""height"":317}","{""Age"":""55+"",""Weight"":""normal-healthy"",""Gender"":""male"",""Economy-Class"":""uber upper class"",""Education"":""Highly Educated"",""CarryingBag"":""None"",""Accessories"":{""Cap"":true},""Footwear"":""Normal"",""Demeanour"":""Classy-Groomed"",""ClothingStyle"":""Classy-Fashionable"",""ImageQuality"":""Good"",""Emotion"":""Happy"",""ClothingStyle2"":""Sports"",""BodyPose"":""Side""}"
images/Set2/6990_4.jpg,-1,"{}",3,2,"{""name"":""rect"",""x"":101,""y"":3,""width"":48,""height"":321}","{""Age"":""35-45"",""Weight"":""normal-healthy"",""Gender"":""male"",""Economy-Class"":""upper class"",""Education"":""Educated"",""CarryingBag"":""None"",""Accessories"":{""Sunglasses"":true},""Footwear"":""Normal"",""Demeanour"":""Classy-Groomed"",""ClothingStyle"":""Classy-Fashionable"",""ImageQuality"":""Good"",""Emotion"":""Neutral"",""ClothingStyle2"":""Sports"",""BodyPose"":""Side""}"
images/Set2/26130_3.jpg,-1,"{}",3,0,"{""name"":""rect"",""x"":65,""y"":3,""width"":435,""height"":1429}","{""Age"":""25-35"",""Weight"":""normal-healthy"",""Gender"":""male"",""Economy-Class"":""upper class"",""Education"":""Educated"",""CarryingBag"":""None"",""Accessories"":{""Watch"":true},""Footwear"":""CantSee"",""Demeanour"":""Classy-Groomed"",""ClothingStyle"":""Classy-Fashionable"",""ImageQuality"":""Good"",""Emotion"":""Angry/Serious"",""ClothingStyle2"":""Sports"",""BodyPose"":""Side""}"
images/Set2/26130_3.jpg,-1,"{}",3,1,"{""name"":""rect"",""x"":488,""y"":78,""width"":273,""height"":1324}","{""Age"":""25-35"",""Weight"":""underweight"",""Gender"":""female"",""Economy-Class"":""upper class"",""Education"":""Educated"",""CarryingBag"":""Grocery/Home/Plastic Bag"",""Accessories"":{""Earings"":true},""Footwear"":""CantSee"",""Demeanour"":""Classy-Groomed"",""ClothingStyle"":""Classy-Fashionable"",""ImageQuality"":""Good"",""Emotion"":""Neutral"",""ClothingStyle2"":""Sports"",""BodyPose"":""Side""}"
images/Set2/26130_3.jpg,-1,"{}",3,2,"{""name"":""rect"",""x"":162,""y"":1265,""width"":538,""height"":441}","{""Age"":""Under 15"",""Weight"":""normal-healthy"",""Gender"":""female"",""Economy-Class"":""upper class"",""Education"":""Uneducation"",""CarryingBag"":""None"",""Accessories"":{""Cap"":true},""Footwear"":""Fancy"",""Demeanour"":""Classy-Groomed"",""ClothingStyle"":""Classy-Fashionable"",""ImageQuality"":""Good"",""Emotion"":""Happy"",""ClothingStyle2"":""Daily"",""BodyPose"":""Front-Frontish""}"
images/Set2/16920_0 (2).jpg,-1,"{}",1,0,"{""name"":""rect"",""x"":34,""y"":18,""width"":392,""height"":1449}","{""Age"":""25-35"",""Weight"":""slightly-overweight"",""Gender"":""female"",""Economy-Class"":""uber upper class"",""Education"":""Educated"",""CarryingBag"":""None"",""Accessories"":{""Earings"":true},""Footwear"":""Fancy"",""Demeanour"":""Classy-Groomed"",""ClothingStyle"":""Classy-Fashionable"",""ImageQuality"":""Good"",""Emotion"":""Happy"",""ClothingStyle2"":""Formal/Business"",""BodyPose"":""Front-Frontish""}"
images/Set2/26910_1.jpg,-1,"{}",1,0,"{""name"":""rect"",""x"":38,""y"":12,""width"":229,""height"":665}","{""Age"":""Under 15"",""Weight"":""over-weight"",""Gender"":""male"",""Economy-Class"":""upper class"",""Education"":""Educated"",""CarryingBag"":""None"",""Accessories"":{""Nothing"":true},""Footwear"":""Normal"",""Demeanour"":""Average"",""ClothingStyle"":""Average"",""ImageQuality"":""Good"",""Emotion"":""Sad"",""ClothingStyle2"":""Formal/Business"",""BodyPose"":""Side""}"
images/Set3/17070_4.jpg,-1,"{}",2,0,"{""name"":""rect"",""x"":102,""y"":119,""width"":182,""height"":943}","{""Age"":""55+"",""Weight"":""normal-healthy"",""Gender"":""female"",""Economy-Class"":""upper class"",""Education"":""Educated"",""CarryingBag"":""None"",""Accessories"":{""Earings"":true},""Footwear"":""Fancy"",""Demeanour"":""Classy-Groomed"",""ClothingStyle"":""Classy-Fashionable"",""ImageQuality"":""Good"",""Emotion"":""Neutral"",""ClothingStyle2"":""Formal/Business"",""BodyPose"":""Front-Frontish""}"
images/Set3/17070_4.jpg,-1,"{}",2,1,"{""name"":""rect"",""x"":60,""y"":57,""width"":605,""height"":1503}","{""Age"":""25-35"",""Weight"":""slightly-overweight"",""Gender"":""female"",""Economy-Class"":""middle class"",""Education"":""Educated"",""CarryingBag"":""Daily/Office/Work Bag"",""Accessories"":{""Nothing"":true},""Footwear"":""Normal"",""Demeanour"":""Classy-Groomed"",""ClothingStyle"":""Average"",""ImageQuality"":""Good"",""Emotion"":""Neutral"",""ClothingStyle2"":""Sports"",""BodyPose"":""Side""}"
images/Set3/4770_0.jpg,-1,"{}",1,0,"{""name"":""rect"",""x"":50,""y"":13,""width"":616,""height"":1856}","{""Age"":""55+"",""Weight"":""slightly-overweight"",""Gender"":""female"",""Economy-Class"":""upper class"",""Education"":""Educated"",""CarryingBag"":""Daily/Office/Work Bag"",""Accessories"":{""Earings"":true,""Watch"":true,""OtherJewellery"":true,""Sunglasses"":true},""Footwear"":""Fancy"",""Demeanour"":""Classy-Groomed"",""ClothingStyle"":""Classy-Fashionable"",""ImageQuality"":""Good"",""Emotion"":""Sad"",""ClothingStyle2"":""Formal/Business"",""BodyPose"":""Front-Frontish""}"
images/Set3/3360_2.jpg,-1,"{}",1,0,"{""name"":""rect"",""x"":27,""y"":34,""width"":251,""height"":740}","{""Age"":""15-25"",""Weight"":""normal-healthy"",""Gender"":""male"",""Economy-Class"":""uber upper class"",""Education"":""Educated"",""CarryingBag"":""None"",""Accessories"":{""OtherJewellery"":true},""Footwear"":""Fancy"",""Demeanour"":""Classy-Groomed"",""ClothingStyle"":""Classy-Fashionable"",""ImageQuality"":""Good"",""Emotion"":""Happy"",""ClothingStyle2"":""Formal/Business"",""BodyPose"":""Front-Frontish""}"
images/Set3/49470_0.jpg,-1,"{}",1,0,"{""name"":""rect"",""x"":20,""y"":11,""width"":164,""height"":473}","{""Age"":""35-45"",""Weight"":""slightly-overweight"",""Gender"":""female"",""Economy-Class"":""upper class"",""Education"":""Educated"",""CarryingBag"":""Shopping "",""Accessories"":{""Earings"":true,""OtherJewellery"":true,""Sunglasses"":true},""Footwear"":""Fancy"",""Demeanour"":""Classy-Groomed"",""ClothingStyle"":""Classy-Fashionable"",""ImageQuality"":""Good"",""Emotion"":""Happy"",""ClothingStyle2"":""Formal/Business"",""BodyPose"":""Front-Frontish""}"
images/Set3/13560_1.jpg,-1,"{}",1,0,"{""name"":""rect"",""x"":30,""y"":10,""width"":121,""height"":334}","{""Age"":""15-25"",""Weight"":""normal-healthy"",""Gender"":""female"",""Economy-Class"":""upper class"",""Education"":""Educated"",""CarryingBag"":""Daily/Office/Work Bag"",""Accessories"":{},""Footwear"":""Fancy"",""Demeanour"":""Classy-Groomed"",""ClothingStyle"":""Classy-Fashionable"",""ImageQuality"":""Good"",""Emotion"":""Happy"",""ClothingStyle2"":""Sports"",""BodyPose"":""Side""}"
images/Set3/5940_4.jpg,-1,"{}",1,0,"{""name"":""rect"",""x"":10,""y"":10,""width"":205,""height"":539}","{""Age"":""35-45"",""Weight"":""slightly-overweight"",""Gender"":""male"",""Economy-Class"":""uber upper class"",""Education"":""Educated"",""CarryingBag"":""Daily/Office/Work Bag"",""Accessories"":{""OtherJewellery"":true},""Footwear"":""Fancy"",""Demeanour"":""Classy-Groomed"",""ClothingStyle"":""Classy-Fashionable"",""ImageQuality"":""Good"",""Emotion"":""Happy"",""ClothingStyle2"":""Sports"",""BodyPose"":""Front-Frontish""}"
images/Set3/7230_2.jpg,-1,"{}",1,0,"{""name"":""rect"",""x"":15,""y"":19,""width"":114,""height"":352}","{""Age"":""45-55"",""Weight"":""slightly-overweight"",""Gender"":""male"",""Economy-Class"":""upper class"",""Education"":""Educated"",""CarryingBag"":""Daily/Office/Work Bag"",""Accessories"":{""Nothing"":true},""Footwear"":""Fancy"",""Demeanour"":""Classy-Groomed"",""ClothingStyle"":""Classy-Fashionable"",""ImageQuality"":""Good"",""Emotion"":""Happy"",""ClothingStyle2"":""Sports"",""BodyPose"":""Front-Frontish""}"
images/Set4/13590_4.jpg,-1,"{}",1,0,"{""name"":""rect"",""x"":10,""y"":11,""width"":81,""height"":340}","{""Age"":""15-25"",""Weight"":""normal-healthy"",""Gender"":""male"",""Economy-Class"":""upper class"",""Education"":""Highly Educated"",""CarryingBag"":""None"",""Accessories"":{""Nothing"":true},""Footwear"":""Normal"",""Demeanour"":""Classy-Groomed"",""ClothingStyle"":""Classy-Fashionable"",""ImageQuality"":""Average"",""Emotion"":""Neutral"",""ClothingStyle2"":""Formal/Business"",""BodyPose"":""Front-Frontish""}"
images/Set4/7380_0.jpg,-1,"{}",1,0,"{""name"":""rect"",""x"":12,""y"":6,""width"":112,""height"":401}","{""Age"":""35-45"",""Weight"":""slightly-overweight"",""Gender"":""male"",""Economy-Class"":""upper class"",""Education"":""Highly Educated"",""CarryingBag"":""None"",""Accessories"":{""Watch"":true},""Footwear"":""Fancy"",""Demeanour"":""Classy-Groomed"",""ClothingStyle"":""Classy-Fashionable"",""ImageQuality"":""Average"",""Emotion"":""Neutral"",""ClothingStyle2"":""Sports"",""BodyPose"":""Front-Frontish""}"
images/Set4/11430_3.jpg,-1,"{}",1,0,"{""name"":""rect"",""x"":20,""y"":22,""width"":300,""height"":926}","{""Age"":""25-35"",""Weight"":""slightly-overweight"",""Gender"":""female"",""Economy-Class"":""uber upper class"",""Education"":""Educated"",""CarryingBag"":""None"",""Accessories"":{""OtherJewellery"":true},""Footwear"":""Fancy"",""Demeanour"":""Average"",""ClothingStyle"":""Classy-Fashionable"",""ImageQuality"":""Good"",""Emotion"":""Neutral"",""ClothingStyle2"":""Sports"",""BodyPose"":""Back""}"
images/Set4/85620_4.jpg,-1,"{}",1,0,"{""name"":""rect"",""x"":35,""y"":5,""width"":245,""height"":835}","{""Age"":""45-55"",""Weight"":""underweight"",""Gender"":""female"",""Economy-Class"":""uber upper class"",""Education"":""Highly Educated"",""CarryingBag"":""Daily/Office/Work Bag"",""Accessories"":{""Earings"":true},""Footwear"":""Fancy"",""Demeanour"":""Classy-Groomed"",""ClothingStyle"":""Classy-Fashionable"",""ImageQuality"":""Good"",""Emotion"":""Happy"",""ClothingStyle2"":""Formal/Business"",""BodyPose"":""Front-Frontish""}"